,x_location,y_location,predicted_rank
29,20000,290000,0
30,20000,300000,0
31,20000,310000,0
32,20000,320000,0
33,20000,330000,0
34,20000,340000,0
35,20000,350000,0
36,20000,360000,0
37,20000,370000,0
38,20000,380000,0
39,20000,390000,0
40,20000,400000,0
41,20000,410000,0
42,20000,420000,0
43,20000,430000,0
44,20000,440000,0
45,20000,450000,0
46,20000,460000,0
47,20000,470000,0
48,20000,480000,0
49,20000,490000,0
50,20000,500000,0
51,20000,510000,0
52,20000,520000,0
53,20000,530000,0
106,30000,280000,0
107,30000,290000,0
108,30000,300000,0
109,30000,310000,0
110,30000,320000,0
111,30000,330000,0
112,30000,340000,0
113,30000,350000,0
114,30000,360000,0
115,30000,370000,0
116,30000,380000,0
117,30000,390000,0
118,30000,400000,0
119,30000,410000,0
120,30000,420000,0
121,30000,430000,0
122,30000,440000,0
123,30000,450000,0
124,30000,460000,0
125,30000,470000,0
126,30000,480000,0
127,30000,490000,0
128,30000,500000,0
129,30000,510000,0
130,30000,520000,0
131,30000,530000,0
132,30000,540000,0
183,40000,270000,0
184,40000,280000,0
185,40000,290000,0
186,40000,300000,0
187,40000,310000,0
188,40000,320000,0
189,40000,330000,0
190,40000,340000,0
191,40000,350000,0
192,40000,360000,0
193,40000,370000,0
194,40000,380000,0
195,40000,390000,0
196,40000,400000,0
197,40000,410000,0
198,40000,420000,0
199,40000,430000,0
200,40000,440000,0
201,40000,450000,0
202,40000,460000,0
203,40000,470000,0
204,40000,480000,0
205,40000,490000,0
206,40000,500000,0
207,40000,510000,0
208,40000,520000,0
209,40000,530000,0
210,40000,540000,0
260,50000,260000,0
261,50000,270000,0
262,50000,280000,0
263,50000,290000,0
264,50000,300000,0
265,50000,310000,0
266,50000,320000,0
267,50000,330000,0
268,50000,340000,0
269,50000,350000,0
270,50000,360000,0
271,50000,370000,0
272,50000,380000,0
273,50000,390000,0
274,50000,400000,0
275,50000,410000,0
276,50000,420000,0
277,50000,430000,0
278,50000,440000,0
279,50000,450000,0
280,50000,460000,0
281,50000,470000,0
282,50000,480000,0
283,50000,490000,0
284,50000,500000,0
285,50000,510000,0
286,50000,520000,0
287,50000,530000,0
288,50000,540000,0
337,60000,250000,0
338,60000,260000,0
339,60000,270000,0
340,60000,280000,0
341,60000,290000,0
342,60000,300000,0
343,60000,310000,0
344,60000,320000,0
345,60000,330000,0
346,60000,340000,0
347,60000,350000,0
348,60000,360000,0
349,60000,370000,0
350,60000,380000,0
351,60000,390000,0
352,60000,400000,0
353,60000,410000,0
354,60000,420000,0
355,60000,430000,0
356,60000,440000,0
357,60000,450000,0
358,60000,460000,0
359,60000,470000,0
360,60000,480000,0
361,60000,490000,0
362,60000,500000,0
363,60000,510000,0
364,60000,520000,0
365,60000,530000,0
366,60000,540000,0
414,70000,240000,0
415,70000,250000,0
416,70000,260000,0
417,70000,270000,0
418,70000,280000,0
419,70000,290000,0
420,70000,300000,0
421,70000,310000,0
422,70000,320000,0
423,70000,330000,0
424,70000,340000,0
425,70000,350000,0
426,70000,360000,0
427,70000,370000,0
428,70000,380000,0
429,70000,390000,0
430,70000,400000,0
431,70000,410000,0
432,70000,420000,0
433,70000,430000,0
434,70000,440000,0
435,70000,450000,0
436,70000,460000,0
437,70000,470000,0
438,70000,480000,0
439,70000,490000,0
440,70000,500000,0
441,70000,510000,0
442,70000,520000,0
443,70000,530000,0
444,70000,540000,0
491,80000,230000,0
492,80000,240000,0
493,80000,250000,0
494,80000,260000,0
495,80000,270000,0
496,80000,280000,0
497,80000,290000,0
498,80000,300000,0
499,80000,310000,0
500,80000,320000,0
501,80000,330000,0
502,80000,340000,0
503,80000,350000,0
504,80000,360000,0
505,80000,370000,0
506,80000,380000,0
507,80000,390000,0
508,80000,400000,0
509,80000,410000,0
510,80000,420000,0
511,80000,430000,0
512,80000,440000,0
513,80000,450000,0
514,80000,460000,0
515,80000,470000,0
516,80000,480000,0
517,80000,490000,0
518,80000,500000,0
519,80000,510000,0
520,80000,520000,0
521,80000,530000,0
522,80000,540000,0
568,90000,220000,0
569,90000,230000,0
570,90000,240000,0
571,90000,250000,0
572,90000,260000,0
573,90000,270000,0
574,90000,280000,0
575,90000,290000,0
576,90000,300000,0
577,90000,310000,0
578,90000,320000,0
579,90000,330000,0
580,90000,340000,0
581,90000,350000,0
582,90000,360000,0
583,90000,370000,0
584,90000,380000,0
585,90000,390000,0
586,90000,400000,0
587,90000,410000,0
588,90000,420000,0
589,90000,430000,0
590,90000,440000,0
591,90000,450000,0
592,90000,460000,0
593,90000,470000,0
594,90000,480000,0
595,90000,490000,0
596,90000,500000,0
597,90000,510000,0
598,90000,520000,0
599,90000,530000,0
600,90000,540000,0
646,100000,220000,0
647,100000,230000,0
648,100000,240000,0
649,100000,250000,0
650,100000,260000,0
651,100000,270000,0
652,100000,280000,0
653,100000,290000,0
654,100000,300000,0
655,100000,310000,0
656,100000,320000,0
657,100000,330000,0
658,100000,340000,0
659,100000,350000,0
660,100000,360000,0
661,100000,370000,0
662,100000,380000,0
663,100000,390000,0
664,100000,400000,0
665,100000,410000,0
666,100000,420000,0
667,100000,430000,0
668,100000,440000,0
669,100000,450000,0
670,100000,460000,0
671,100000,470000,0
672,100000,480000,0
673,100000,490000,0
674,100000,500000,0
675,100000,510000,0
676,100000,520000,0
677,100000,530000,0
678,100000,540000,0
724,110000,220000,0
725,110000,230000,0
726,110000,240000,0
727,110000,250000,0
728,110000,260000,0
729,110000,270000,0
730,110000,280000,0
731,110000,290000,0
732,110000,300000,0
733,110000,310000,0
734,110000,320000,0
735,110000,330000,0
736,110000,340000,0
737,110000,350000,0
738,110000,360000,0
739,110000,370000,0
740,110000,380000,0
741,110000,390000,0
742,110000,400000,0
743,110000,410000,0
744,110000,420000,0
745,110000,430000,0
746,110000,440000,0
747,110000,450000,0
748,110000,460000,0
749,110000,470000,0
750,110000,480000,0
751,110000,490000,0
752,110000,500000,0
753,110000,510000,0
754,110000,520000,0
755,110000,530000,0
756,110000,540000,0
757,110000,550000,0
801,120000,210000,0
802,120000,220000,0
803,120000,230000,0
804,120000,240000,0
805,120000,250000,0
806,120000,260000,0
807,120000,270000,0
808,120000,280000,0
809,120000,290000,0
810,120000,300000,0
811,120000,310000,0
812,120000,320000,0
813,120000,330000,0
814,120000,340000,0
815,120000,350000,0
816,120000,360000,0
817,120000,370000,0
818,120000,380000,0
819,120000,390000,0
820,120000,400000,0
821,120000,410000,0
822,120000,420000,0
823,120000,430000,0
824,120000,440000,0
825,120000,450000,0
826,120000,460000,0
827,120000,470000,0
828,120000,480000,0
829,120000,490000,0
830,120000,500000,0
831,120000,510000,0
832,120000,520000,0
833,120000,530000,0
834,120000,540000,0
835,120000,550000,0
879,130000,210000,0
880,130000,220000,0
881,130000,230000,0
882,130000,240000,0
883,130000,250000,0
884,130000,260000,0
885,130000,270000,0
886,130000,280000,0
887,130000,290000,0
888,130000,300000,0
889,130000,310000,0
890,130000,320000,0
891,130000,330000,0
892,130000,340000,0
893,130000,350000,0
894,130000,360000,0
895,130000,370000,0
896,130000,380000,0
897,130000,390000,0
898,130000,400000,0
899,130000,410000,0
900,130000,420000,0
901,130000,430000,0
902,130000,440000,0
903,130000,450000,0
904,130000,460000,0
905,130000,470000,0
906,130000,480000,0
907,130000,490000,0
908,130000,500000,0
909,130000,510000,0
910,130000,520000,0
911,130000,530000,0
912,130000,540000,0
913,130000,550000,0
957,140000,210000,0
958,140000,220000,0
959,140000,230000,0
960,140000,240000,0
961,140000,250000,0
962,140000,260000,0
963,140000,270000,0
964,140000,280000,0
965,140000,290000,0
966,140000,300000,0
967,140000,310000,0
968,140000,320000,0
969,140000,330000,0
970,140000,340000,0
971,140000,350000,0
972,140000,360000,0
973,140000,370000,0
974,140000,380000,0
975,140000,390000,0
976,140000,400000,0
977,140000,410000,0
978,140000,420000,0
979,140000,430000,0
980,140000,440000,0
981,140000,450000,0
982,140000,460000,0
983,140000,470000,0
984,140000,480000,0
985,140000,490000,0
986,140000,500000,0
987,140000,510000,0
988,140000,520000,0
989,140000,530000,0
990,140000,540000,0
1039,150000,250000,0
1040,150000,260000,0
1041,150000,270000,0
1042,150000,280000,0
1043,150000,290000,0
1044,150000,300000,0
1045,150000,310000,0
1046,150000,320000,0
1047,150000,330000,0
1048,150000,340000,0
1049,150000,350000,0
1050,150000,360000,0
1051,150000,370000,0
1052,150000,380000,0
1053,150000,390000,0
1054,150000,400000,0
1055,150000,410000,0
1056,150000,420000,0
1057,150000,430000,0
1058,150000,440000,0
1059,150000,450000,0
1060,150000,460000,0
1061,150000,470000,0
1062,150000,480000,0
1063,150000,490000,0
1064,150000,500000,0
1065,150000,510000,0
1066,150000,520000,0
1067,150000,530000,0
1068,150000,540000,0
1118,160000,260000,0
1119,160000,270000,0
1120,160000,280000,0
1121,160000,290000,0
1122,160000,300000,0
1126,160000,340000,0
1127,160000,350000,0
1128,160000,360000,0
1129,160000,370000,0
1130,160000,380000,0
1131,160000,390000,0
1132,160000,400000,0
1133,160000,410000,0
1134,160000,420000,0
1135,160000,430000,0
1136,160000,440000,0
1137,160000,450000,0
1138,160000,460000,0
1139,160000,470000,0
1140,160000,480000,0
1141,160000,490000,0
1142,160000,500000,0
1143,160000,510000,0
1144,160000,520000,0
1145,160000,530000,0
1204,170000,340000,0
1205,170000,350000,0
1206,170000,360000,0
1207,170000,370000,0
1208,170000,380000,0
1209,170000,390000,0
1210,170000,400000,0
1211,170000,410000,0
1212,170000,420000,0
1213,170000,430000,0
1214,170000,440000,0
1215,170000,450000,0
1216,170000,460000,0
1217,170000,470000,0
1218,170000,480000,0
1219,170000,490000,0
1220,170000,500000,0
1221,170000,510000,0
1222,170000,520000,0
1282,180000,340000,0
1283,180000,350000,0
1284,180000,360000,0
1285,180000,370000,0
1286,180000,380000,0
1287,180000,390000,0
1288,180000,400000,0
1289,180000,410000,0
1290,180000,420000,0
1291,180000,430000,0
1292,180000,440000,0
1293,180000,450000,0
1294,180000,460000,0
1295,180000,470000,0
1296,180000,480000,0
1297,180000,490000,0
1298,180000,500000,0
1299,180000,510000,0
1300,180000,520000,0
1361,190000,350000,0
1362,190000,360000,0
1363,190000,370000,0
1364,190000,380000,0
1365,190000,390000,0
1369,190000,430000,0
1370,190000,440000,0
1371,190000,450000,0
1372,190000,460000,0
1373,190000,470000,0
1374,190000,480000,0
1375,190000,490000,0
1376,190000,500000,0
1377,190000,510000,0
1431,200000,270000,0
1433,200000,290000,0
1434,200000,300000,0
1439,200000,350000,0
1440,200000,360000,0
1441,200000,370000,0
1447,200000,430000,0
1448,200000,440000,0
1449,200000,450000,0
1450,200000,460000,0
1451,200000,470000,0
1452,200000,480000,0
1453,200000,490000,0
1454,200000,500000,0
1478,200000,740000,0
1479,200000,750000,0
1508,210000,260000,0
1509,210000,270000,0
1510,210000,280000,0
1517,210000,350000,0
1518,210000,360000,0
1552,210000,700000,0
1553,210000,710000,0
1554,210000,720000,0
1555,210000,730000,0
1556,210000,740000,0
1557,210000,750000,0
1558,210000,760000,0
1588,220000,280000,0
1589,220000,290000,0
1596,220000,360000,0
1599,220000,390000,0
1600,220000,400000,0
1601,220000,410000,0
1602,220000,420000,0
1603,220000,430000,0
1628,220000,680000,0
1629,220000,690000,0
1630,220000,700000,0
1631,220000,710000,0
1632,220000,720000,0
1633,220000,730000,0
1634,220000,740000,0
1635,220000,750000,0
1666,230000,280000,0
1668,230000,300000,0
1675,230000,370000,0
1676,230000,380000,0
1677,230000,390000,0
1678,230000,400000,0
1679,230000,410000,0
1680,230000,420000,0
1687,230000,490000,0
1688,230000,500000,0
1706,230000,680000,0
1707,230000,690000,0
1708,230000,700000,0
1709,230000,710000,0
1710,230000,720000,0
1711,230000,730000,0
1712,230000,740000,0
1734,240000,180000,0
1735,240000,190000,0
1736,240000,200000,0
1737,240000,210000,0
1738,240000,220000,0
1739,240000,230000,0
1743,240000,270000,0
1750,240000,340000,0
1751,240000,350000,0
1752,240000,360000,0
1765,240000,490000,0
1766,240000,500000,0
1784,240000,680000,0
1785,240000,690000,0
1786,240000,700000,0
1787,240000,710000,0
1788,240000,720000,0
1789,240000,730000,0
1813,250000,190000,0
1814,250000,200000,0
1815,250000,210000,0
1816,250000,220000,0
1817,250000,230000,0
1820,250000,260000,0
1823,250000,290000,0
1824,250000,300000,0
1826,250000,320000,0
1827,250000,330000,0
1828,250000,340000,0
1829,250000,350000,0
1830,250000,360000,0
1831,250000,370000,0
1842,250000,480000,0
1843,250000,490000,0
1844,250000,500000,0
1845,250000,510000,0
1863,250000,690000,0
1864,250000,700000,0
1865,250000,710000,0
1866,250000,720000,0
1867,250000,730000,0
1883,260000,110000,0
1884,260000,120000,0
1885,260000,130000,0
1891,260000,190000,0
1897,260000,250000,0
1904,260000,320000,0
1905,260000,330000,0
1906,260000,340000,0
1907,260000,350000,0
1908,260000,360000,0
1909,260000,370000,0
1910,260000,380000,0
1913,260000,410000,0
1920,260000,480000,0
1921,260000,490000,0
1922,260000,500000,0
1923,260000,510000,0
1924,260000,520000,0
1925,260000,530000,0
1941,260000,690000,0
1942,260000,700000,0
1943,260000,710000,0
1944,260000,720000,0
1945,260000,730000,0
1946,260000,740000,0
1947,260000,750000,0
1948,260000,760000,0
1949,260000,770000,0
1958,270000,80000,0
1959,270000,90000,0
1960,270000,100000,0
1961,270000,110000,0
1962,270000,120000,0
1963,270000,130000,0
1976,270000,260000,0
1982,270000,320000,0
1983,270000,330000,0
1984,270000,340000,0
1985,270000,350000,0
1986,270000,360000,0
1987,270000,370000,0
1988,270000,380000,0
1989,270000,390000,0
1990,270000,400000,0
1998,270000,480000,0
1999,270000,490000,0
2000,270000,500000,0
2004,270000,540000,0
2005,270000,550000,0
2006,270000,560000,0
2007,270000,570000,0
2008,270000,580000,0
2009,270000,590000,0
2010,270000,600000,0
2020,270000,700000,0
2021,270000,710000,0
2022,270000,720000,0
2023,270000,730000,0
2024,270000,740000,0
2025,270000,750000,0
2026,270000,760000,0
2027,270000,770000,0
2028,280000,0,0
2029,280000,10000,0
2030,280000,20000,0
2031,280000,30000,0
2032,280000,40000,0
2033,280000,50000,0
2034,280000,60000,0
2035,280000,70000,0
2036,280000,80000,0
2037,280000,90000,0
2038,280000,100000,0
2039,280000,110000,0
2040,280000,120000,0
2041,280000,130000,0
2042,280000,140000,0
2043,280000,150000,0
2044,280000,160000,0
2054,280000,260000,0
2055,280000,270000,0
2056,280000,280000,0
2060,280000,320000,0
2061,280000,330000,0
2062,280000,340000,0
2063,280000,350000,0
2064,280000,360000,0
2065,280000,370000,0
2066,280000,380000,0
2067,280000,390000,0
2071,280000,430000,0
2078,280000,500000,0
2079,280000,510000,0
2080,280000,520000,0
2081,280000,530000,0
2082,280000,540000,0
2083,280000,550000,0
2084,280000,560000,0
2085,280000,570000,0
2086,280000,580000,0
2087,280000,590000,0
2088,280000,600000,0
2099,280000,710000,0
2100,280000,720000,0
2101,280000,730000,0
2102,280000,740000,0
2103,280000,750000,0
2104,280000,760000,0
2105,280000,770000,0
2106,290000,0,0
2107,290000,10000,0
2108,290000,20000,0
2109,290000,30000,0
2110,290000,40000,0
2111,290000,50000,0
2112,290000,60000,0
2113,290000,70000,0
2114,290000,80000,0
2115,290000,90000,0
2116,290000,100000,0
2117,290000,110000,0
2118,290000,120000,0
2119,290000,130000,0
2120,290000,140000,0
2121,290000,150000,0
2122,290000,160000,0
2132,290000,260000,0
2133,290000,270000,0
2134,290000,280000,0
2138,290000,320000,0
2139,290000,330000,0
2140,290000,340000,0
2141,290000,350000,0
2142,290000,360000,0
2143,290000,370000,0
2144,290000,380000,0
2145,290000,390000,0
2146,290000,400000,0
2147,290000,410000,0
2156,290000,500000,0
2157,290000,510000,0
2158,290000,520000,0
2159,290000,530000,0
2160,290000,540000,0
2161,290000,550000,0
2162,290000,560000,0
2163,290000,570000,0
2164,290000,580000,0
2165,290000,590000,0
2166,290000,600000,0
2167,290000,610000,0
2178,290000,720000,0
2179,290000,730000,0
2180,290000,740000,0
2181,290000,750000,0
2182,290000,760000,0
2183,290000,770000,0
2184,300000,0,0
2185,300000,10000,0
2186,300000,20000,0
2187,300000,30000,0
2188,300000,40000,0
2189,300000,50000,0
2190,300000,60000,0
2191,300000,70000,0
2192,300000,80000,0
2193,300000,90000,0
2194,300000,100000,0
2195,300000,110000,0
2196,300000,120000,0
2197,300000,130000,0
2198,300000,140000,0
2217,300000,330000,0
2218,300000,340000,0
2224,300000,400000,0
2225,300000,410000,0
2234,300000,500000,0
2237,300000,530000,0
2238,300000,540000,0
2239,300000,550000,0
2240,300000,560000,0
2241,300000,570000,0
2242,300000,580000,0
2243,300000,590000,0
2244,300000,600000,0
2245,300000,610000,0
2246,300000,620000,0
2247,300000,630000,0
2248,300000,640000,0
2249,300000,650000,0
2250,300000,660000,0
2251,300000,670000,0
2252,300000,680000,0
2253,300000,690000,0
2254,300000,700000,0
2255,300000,710000,0
2256,300000,720000,0
2257,300000,730000,0
2258,300000,740000,0
2259,300000,750000,0
2260,300000,760000,0
2261,300000,770000,0
2262,310000,0,0
2263,310000,10000,0
2264,310000,20000,0
2265,310000,30000,0
2266,310000,40000,0
2267,310000,50000,0
2268,310000,60000,0
2269,310000,70000,0
2270,310000,80000,0
2271,310000,90000,0
2272,310000,100000,0
2273,310000,110000,0
2274,310000,120000,0
2275,310000,130000,0
2276,310000,140000,0
2280,310000,180000,0
2281,310000,190000,0
2282,310000,200000,0
2287,310000,250000,0
2288,310000,260000,0
2289,310000,270000,0
2290,310000,280000,0
2291,310000,290000,0
2293,310000,310000,0
2294,310000,320000,0
2315,310000,530000,0
2316,310000,540000,0
2317,310000,550000,0
2318,310000,560000,0
2319,310000,570000,0
2320,310000,580000,0
2321,310000,590000,0
2322,310000,600000,0
2323,310000,610000,0
2324,310000,620000,0
2325,310000,630000,0
2326,310000,640000,0
2327,310000,650000,0
2328,310000,660000,0
2329,310000,670000,0
2330,310000,680000,0
2331,310000,690000,0
2332,310000,700000,0
2333,310000,710000,0
2334,310000,720000,0
2335,310000,730000,0
2336,310000,740000,0
2337,310000,750000,0
2338,310000,760000,0
2339,310000,770000,0
2340,320000,0,0
2341,320000,10000,0
2342,320000,20000,0
2343,320000,30000,0
2344,320000,40000,0
2345,320000,50000,0
2346,320000,60000,0
2347,320000,70000,0
2348,320000,80000,0
2357,320000,170000,0
2358,320000,180000,0
2359,320000,190000,0
2364,320000,240000,0
2365,320000,250000,0
2366,320000,260000,0
2367,320000,270000,0
2368,320000,280000,0
2384,320000,440000,0
2395,320000,550000,0
2396,320000,560000,0
2397,320000,570000,0
2398,320000,580000,0
2399,320000,590000,0
2400,320000,600000,0
2401,320000,610000,0
2402,320000,620000,0
2403,320000,630000,0
2404,320000,640000,0
2405,320000,650000,0
2406,320000,660000,0
2407,320000,670000,0
2408,320000,680000,0
2409,320000,690000,0
2410,320000,700000,0
2411,320000,710000,0
2412,320000,720000,0
2413,320000,730000,0
2414,320000,740000,0
2415,320000,750000,0
2416,320000,760000,0
2417,320000,770000,0
2418,330000,0,0
2423,330000,50000,0
2435,330000,170000,0
2436,330000,180000,0
2437,330000,190000,0
2441,330000,230000,0
2442,330000,240000,0
2443,330000,250000,0
2444,330000,260000,0
2445,330000,270000,0
2446,330000,280000,0
2447,330000,290000,0
2448,330000,300000,0
2449,330000,310000,0
2450,330000,320000,0
2461,330000,430000,0
2462,330000,440000,0
2463,330000,450000,0
2467,330000,490000,0
2474,330000,560000,0
2475,330000,570000,0
2476,330000,580000,0
2477,330000,590000,0
2478,330000,600000,0
2479,330000,610000,0
2480,330000,620000,0
2481,330000,630000,0
2482,330000,640000,0
2483,330000,650000,0
2484,330000,660000,0
2485,330000,670000,0
2486,330000,680000,0
2487,330000,690000,0
2488,330000,700000,0
2489,330000,710000,0
2490,330000,720000,0
2491,330000,730000,0
2492,330000,740000,0
2493,330000,750000,0
2494,330000,760000,0
2495,330000,770000,0
2500,340000,40000,0
2501,340000,50000,0
2502,340000,60000,0
2513,340000,170000,0
2514,340000,180000,0
2523,340000,270000,0
2524,340000,280000,0
2525,340000,290000,0
2526,340000,300000,0
2527,340000,310000,0
2528,340000,320000,0
2529,340000,330000,0
2542,340000,460000,0
2543,340000,470000,0
2544,340000,480000,0
2553,340000,570000,0
2554,340000,580000,0
2555,340000,590000,0
2556,340000,600000,0
2557,340000,610000,0
2558,340000,620000,0
2559,340000,630000,0
2560,340000,640000,0
2561,340000,650000,0
2562,340000,660000,0
2563,340000,670000,0
2564,340000,680000,0
2565,340000,690000,0
2566,340000,700000,0
2567,340000,710000,0
2568,340000,720000,0
2569,340000,730000,0
2570,340000,740000,0
2571,340000,750000,0
2572,340000,760000,0
2573,340000,770000,0
2575,350000,10000,0
2576,350000,20000,0
2577,350000,30000,0
2578,350000,40000,0
2579,350000,50000,0
2580,350000,60000,0
2581,350000,70000,0
2582,350000,80000,0
2583,350000,90000,0
2590,350000,160000,0
2591,350000,170000,0
2592,350000,180000,0
2593,350000,190000,0
2594,350000,200000,0
2601,350000,270000,0
2602,350000,280000,0
2604,350000,300000,0
2605,350000,310000,0
2606,350000,320000,0
2608,350000,340000,0
2630,350000,560000,0
2631,350000,570000,0
2632,350000,580000,0
2633,350000,590000,0
2636,350000,620000,0
2637,350000,630000,0
2638,350000,640000,0
2639,350000,650000,0
2640,350000,660000,0
2641,350000,670000,0
2642,350000,680000,0
2643,350000,690000,0
2644,350000,700000,0
2645,350000,710000,0
2646,350000,720000,0
2647,350000,730000,0
2648,350000,740000,0
2649,350000,750000,0
2650,350000,760000,0
2651,350000,770000,0
2658,360000,60000,0
2659,360000,70000,0
2660,360000,80000,0
2661,360000,90000,0
2669,360000,170000,0
2670,360000,180000,0
2671,360000,190000,0
2672,360000,200000,0
2673,360000,210000,0
2678,360000,260000,0
2708,360000,560000,0
2715,360000,630000,0
2716,360000,640000,0
2717,360000,650000,0
2718,360000,660000,0
2719,360000,670000,0
2720,360000,680000,0
2721,360000,690000,0
2722,360000,700000,0
2723,360000,710000,0
2724,360000,720000,0
2725,360000,730000,0
2726,360000,740000,0
2727,360000,750000,0
2728,360000,760000,0
2729,360000,770000,0
2738,370000,80000,0
2739,370000,90000,0
2740,370000,100000,0
2746,370000,160000,0
2747,370000,170000,0
2748,370000,180000,0
2749,370000,190000,0
2750,370000,200000,0
2751,370000,210000,0
2752,370000,220000,0
2753,370000,230000,0
2754,370000,240000,0
2756,370000,260000,0
2761,370000,310000,0
2762,370000,320000,0
2773,370000,430000,0
2790,370000,600000,0
2791,370000,610000,0
2792,370000,620000,0
2793,370000,630000,0
2794,370000,640000,0
2795,370000,650000,0
2796,370000,660000,0
2797,370000,670000,0
2798,370000,680000,0
2799,370000,690000,0
2800,370000,700000,0
2801,370000,710000,0
2802,370000,720000,0
2803,370000,730000,0
2804,370000,740000,0
2805,370000,750000,0
2806,370000,760000,0
2807,370000,770000,0
2815,380000,70000,0
2816,380000,80000,0
2817,380000,90000,0
2818,380000,100000,0
2822,380000,140000,0
2823,380000,150000,0
2826,380000,180000,0
2827,380000,190000,0
2828,380000,200000,0
2829,380000,210000,0
2830,380000,220000,0
2831,380000,230000,0
2832,380000,240000,0
2848,380000,400000,0
2849,380000,410000,0
2850,380000,420000,0
2851,380000,430000,0
2877,380000,690000,0
2878,380000,700000,0
2879,380000,710000,0
2880,380000,720000,0
2881,380000,730000,0
2882,380000,740000,0
2883,380000,750000,0
2884,380000,760000,0
2885,380000,770000,0
2886,390000,0,0
2887,390000,10000,0
2888,390000,20000,0
2889,390000,30000,0
2890,390000,40000,0
2891,390000,50000,0
2892,390000,60000,0
2893,390000,70000,0
2894,390000,80000,0
2895,390000,90000,0
2896,390000,100000,0
2897,390000,110000,0
2900,390000,140000,0
2901,390000,150000,0
2904,390000,180000,0
2905,390000,190000,0
2906,390000,200000,0
2907,390000,210000,0
2908,390000,220000,0
2909,390000,230000,0
2910,390000,240000,0
2917,390000,310000,0
2918,390000,320000,0
2919,390000,330000,0
2926,390000,400000,0
2927,390000,410000,0
2928,390000,420000,0
2929,390000,430000,0
2930,390000,440000,0
2937,390000,510000,0
2954,390000,680000,0
2955,390000,690000,0
2956,390000,700000,0
2957,390000,710000,0
2958,390000,720000,0
2959,390000,730000,0
2960,390000,740000,0
2961,390000,750000,0
2962,390000,760000,0
2963,390000,770000,0
2964,400000,0,0
2965,400000,10000,0
2966,400000,20000,0
2967,400000,30000,0
2968,400000,40000,0
2969,400000,50000,0
2973,400000,90000,0
2974,400000,100000,0
2975,400000,110000,0
2982,400000,180000,0
2983,400000,190000,0
2984,400000,200000,0
2985,400000,210000,0
2986,400000,220000,0
2987,400000,230000,0
2994,400000,300000,0
2995,400000,310000,0
2996,400000,320000,0
2997,400000,330000,0
2998,400000,340000,0
2999,400000,350000,0
3004,400000,400000,0
3005,400000,410000,0
3006,400000,420000,0
3007,400000,430000,0
3008,400000,440000,0
3009,400000,450000,0
3012,400000,480000,0
3013,400000,490000,0
3014,400000,500000,0
3015,400000,510000,0
3016,400000,520000,0
3030,400000,660000,0
3031,400000,670000,0
3032,400000,680000,0
3033,400000,690000,0
3034,400000,700000,0
3035,400000,710000,0
3036,400000,720000,0
3037,400000,730000,0
3038,400000,740000,0
3039,400000,750000,0
3040,400000,760000,0
3041,400000,770000,0
3042,410000,0,0
3043,410000,10000,0
3044,410000,20000,0
3045,410000,30000,0
3051,410000,90000,0
3052,410000,100000,0
3053,410000,110000,0
3072,410000,300000,0
3073,410000,310000,0
3074,410000,320000,0
3083,410000,410000,0
3085,410000,430000,0
3086,410000,440000,0
3087,410000,450000,0
3088,410000,460000,0
3089,410000,470000,0
3090,410000,480000,0
3091,410000,490000,0
3092,410000,500000,0
3093,410000,510000,0
3094,410000,520000,0
3101,410000,590000,0
3102,410000,600000,0
3103,410000,610000,0
3108,410000,660000,0
3109,410000,670000,0
3110,410000,680000,0
3113,410000,710000,0
3114,410000,720000,0
3115,410000,730000,0
3116,410000,740000,0
3117,410000,750000,0
3118,410000,760000,0
3119,410000,770000,0
3120,420000,0,0
3121,420000,10000,0
3122,420000,20000,0
3123,420000,30000,0
3129,420000,90000,0
3130,420000,100000,0
3131,420000,110000,0
3165,420000,450000,0
3166,420000,460000,0
3167,420000,470000,0
3168,420000,480000,0
3176,420000,560000,0
3178,420000,580000,0
3179,420000,590000,0
3185,420000,650000,0
3186,420000,660000,0
3195,420000,750000,0
3196,420000,760000,0
3197,420000,770000,0
3198,430000,0,0
3199,430000,10000,0
3245,430000,470000,0
3246,430000,480000,0
3247,430000,490000,0
3248,430000,500000,0
3249,430000,510000,0
3253,430000,550000,0
3255,430000,570000,0
3256,430000,580000,0
3259,430000,610000,0
3303,440000,270000,0
3304,440000,280000,0
3329,440000,530000,0
3330,440000,540000,0
3331,440000,550000,0
3353,440000,770000,0
3365,450000,110000,0
3366,450000,120000,0
3390,450000,360000,0
3391,450000,370000,0
3392,450000,380000,0
3393,450000,390000,0
3394,450000,400000,0
3425,450000,710000,0
3426,450000,720000,0
3427,450000,730000,0
3428,450000,740000,0
3429,450000,750000,0
3430,450000,760000,0
3431,450000,770000,0
3438,460000,60000,0
3439,460000,70000,0
3440,460000,80000,0
3447,460000,150000,0
3448,460000,160000,0
3449,460000,170000,0
3450,460000,180000,0
3451,460000,190000,0
3452,460000,200000,0
3453,460000,210000,0
3467,460000,350000,0
3468,460000,360000,0
3469,460000,370000,0
3470,460000,380000,0
3471,460000,390000,0
3472,460000,400000,0
3497,460000,650000,0
3498,460000,660000,0
3499,460000,670000,0
3500,460000,680000,0
3501,460000,690000,0
3502,460000,700000,0
3503,460000,710000,0
3504,460000,720000,0
3505,460000,730000,0
3506,460000,740000,0
3507,460000,750000,0
3508,460000,760000,0
3509,460000,770000,0
3513,470000,30000,0
3514,470000,40000,0
3515,470000,50000,0
3516,470000,60000,0
3517,470000,70000,0
3522,470000,120000,0
3523,470000,130000,0
3524,470000,140000,0
3525,470000,150000,0
3526,470000,160000,0
3527,470000,170000,0
3528,470000,180000,0
3529,470000,190000,0
3530,470000,200000,0
3545,470000,350000,0
3546,470000,360000,0
3547,470000,370000,0
3569,470000,590000,0
3570,470000,600000,0
3571,470000,610000,0
3575,470000,650000,0
3576,470000,660000,0
3577,470000,670000,0
3578,470000,680000,0
3579,470000,690000,0
3580,470000,700000,0
3581,470000,710000,0
3582,470000,720000,0
3583,470000,730000,0
3584,470000,740000,0
3585,470000,750000,0
3586,470000,760000,0
3587,470000,770000,0
3588,480000,0,0
3589,480000,10000,0
3590,480000,20000,0
3591,480000,30000,0
3592,480000,40000,0
3593,480000,50000,0
3594,480000,60000,0
3595,480000,70000,0
3596,480000,80000,0
3597,480000,90000,0
3598,480000,100000,0
3599,480000,110000,0
3600,480000,120000,0
3601,480000,130000,0
3602,480000,140000,0
3603,480000,150000,0
3604,480000,160000,0
3605,480000,170000,0
3606,480000,180000,0
3607,480000,190000,0
3608,480000,200000,0
3609,480000,210000,0
3612,480000,240000,0
3613,480000,250000,0
3623,480000,350000,0
3624,480000,360000,0
3647,480000,590000,0
3648,480000,600000,0
3649,480000,610000,0
3650,480000,620000,0
3651,480000,630000,0
3652,480000,640000,0
3653,480000,650000,0
3654,480000,660000,0
3655,480000,670000,0
3656,480000,680000,0
3657,480000,690000,0
3658,480000,700000,0
3659,480000,710000,0
3660,480000,720000,0
3661,480000,730000,0
3662,480000,740000,0
3663,480000,750000,0
3664,480000,760000,0
3665,480000,770000,0
3670,490000,40000,0
3671,490000,50000,0
3672,490000,60000,0
3673,490000,70000,0
3674,490000,80000,0
3675,490000,90000,0
3676,490000,100000,0
3677,490000,110000,0
3678,490000,120000,0
3679,490000,130000,0
3680,490000,140000,0
3681,490000,150000,0
3682,490000,160000,0
3683,490000,170000,0
3684,490000,180000,0
3685,490000,190000,0
3686,490000,200000,0
3690,490000,240000,0
3700,490000,340000,0
3701,490000,350000,0
3702,490000,360000,0
3721,490000,550000,0
3726,490000,600000,0
3730,490000,640000,0
3731,490000,650000,0
3732,490000,660000,0
3733,490000,670000,0
3734,490000,680000,0
3735,490000,690000,0
3736,490000,700000,0
3737,490000,710000,0
3738,490000,720000,0
3739,490000,730000,0
3740,490000,740000,0
3741,490000,750000,0
3742,490000,760000,0
3743,490000,770000,0
3744,500000,0,0
3745,500000,10000,0
3752,500000,80000,0
3753,500000,90000,0
3754,500000,100000,0
3755,500000,110000,0
3756,500000,120000,0
3757,500000,130000,0
3758,500000,140000,0
3759,500000,150000,0
3760,500000,160000,0
3761,500000,170000,0
3762,500000,180000,0
3763,500000,190000,0
3764,500000,200000,0
3765,500000,210000,0
3805,500000,610000,0
3808,500000,640000,0
3809,500000,650000,0
3810,500000,660000,0
3811,500000,670000,0
3812,500000,680000,0
3813,500000,690000,0
3814,500000,700000,0
3815,500000,710000,0
3816,500000,720000,0
3817,500000,730000,0
3818,500000,740000,0
3819,500000,750000,0
3820,500000,760000,0
3821,500000,770000,0
3822,510000,0,0
3823,510000,10000,0
3824,510000,20000,0
3825,510000,30000,0
3830,510000,80000,0
3831,510000,90000,0
3832,510000,100000,0
3833,510000,110000,0
3834,510000,120000,0
3835,510000,130000,0
3836,510000,140000,0
3837,510000,150000,0
3840,510000,180000,0
3863,510000,410000,0
3873,510000,510000,0
3874,510000,520000,0
3884,510000,620000,0
3885,510000,630000,0
3886,510000,640000,0
3887,510000,650000,0
3888,510000,660000,0
3889,510000,670000,0
3890,510000,680000,0
3891,510000,690000,0
3892,510000,700000,0
3893,510000,710000,0
3894,510000,720000,0
3895,510000,730000,0
3896,510000,740000,0
3897,510000,750000,0
3898,510000,760000,0
3899,510000,770000,0
3900,520000,0,0
3901,520000,10000,0
3902,520000,20000,0
3903,520000,30000,0
3904,520000,40000,0
3905,520000,50000,0
3910,520000,100000,0
3911,520000,110000,0
3912,520000,120000,0
3939,520000,390000,0
3940,520000,400000,0
3941,520000,410000,0
3950,520000,500000,0
3951,520000,510000,0
3952,520000,520000,0
3953,520000,530000,0
3954,520000,540000,0
3955,520000,550000,0
3956,520000,560000,0
3962,520000,620000,0
3963,520000,630000,0
3964,520000,640000,0
3965,520000,650000,0
3966,520000,660000,0
3967,520000,670000,0
3968,520000,680000,0
3969,520000,690000,0
3970,520000,700000,0
3971,520000,710000,0
3972,520000,720000,0
3973,520000,730000,0
3974,520000,740000,0
3975,520000,750000,0
3976,520000,760000,0
3977,520000,770000,0
3978,530000,0,0
3979,530000,10000,0
3980,530000,20000,0
3981,530000,30000,0
3982,530000,40000,0
3983,530000,50000,0
3988,530000,100000,0
4015,530000,370000,0
4016,530000,380000,0
4017,530000,390000,0
4018,530000,400000,0
4027,530000,490000,0
4028,530000,500000,0
4029,530000,510000,0
4030,530000,520000,0
4031,530000,530000,0
4032,530000,540000,0
4033,530000,550000,0
4034,530000,560000,0
4035,530000,570000,0
4043,530000,650000,0
4044,530000,660000,0
4045,530000,670000,0
4046,530000,680000,0
4047,530000,690000,0
4048,530000,700000,0
4049,530000,710000,0
4050,530000,720000,0
4051,530000,730000,0
4052,530000,740000,0
4053,530000,750000,0
4054,530000,760000,0
4055,530000,770000,0
4056,540000,0,0
4057,540000,10000,0
4058,540000,20000,0
4059,540000,30000,0
4060,540000,40000,0
4061,540000,50000,0
4093,540000,370000,0
4094,540000,380000,0
4095,540000,390000,0
4096,540000,400000,0
4105,540000,490000,0
4106,540000,500000,0
4107,540000,510000,0
4108,540000,520000,0
4109,540000,530000,0
4110,540000,540000,0
4111,540000,550000,0
4112,540000,560000,0
4113,540000,570000,0
4122,540000,660000,0
4123,540000,670000,0
4124,540000,680000,0
4125,540000,690000,0
4126,540000,700000,0
4127,540000,710000,0
4128,540000,720000,0
4129,540000,730000,0
4130,540000,740000,0
4131,540000,750000,0
4132,540000,760000,0
4133,540000,770000,0
4134,550000,0,0
4135,550000,10000,0
4136,550000,20000,0
4137,550000,30000,0
4138,550000,40000,0
4139,550000,50000,0
4141,550000,70000,0
4142,550000,80000,0
4143,550000,90000,0
4171,550000,370000,0
4172,550000,380000,0
4173,550000,390000,0
4182,550000,480000,0
4183,550000,490000,0
4184,550000,500000,0
4185,550000,510000,0
4186,550000,520000,0
4187,550000,530000,0
4188,550000,540000,0
4189,550000,550000,0
4190,550000,560000,0
4191,550000,570000,0
4192,550000,580000,0
4193,550000,590000,0
4194,550000,600000,0
4201,550000,670000,0
4202,550000,680000,0
4203,550000,690000,0
4204,550000,700000,0
4205,550000,710000,0
4206,550000,720000,0
4207,550000,730000,0
4208,550000,740000,0
4209,550000,750000,0
4210,550000,760000,0
4211,550000,770000,0
4212,560000,0,0
4213,560000,10000,0
4214,560000,20000,0
4215,560000,30000,0
4216,560000,40000,0
4217,560000,50000,0
4218,560000,60000,0
4219,560000,70000,0
4220,560000,80000,0
4250,560000,380000,0
4259,560000,470000,0
4260,560000,480000,0
4261,560000,490000,0
4262,560000,500000,0
4263,560000,510000,0
4264,560000,520000,0
4265,560000,530000,0
4266,560000,540000,0
4267,560000,550000,0
4268,560000,560000,0
4269,560000,570000,0
4270,560000,580000,0
4271,560000,590000,0
4272,560000,600000,0
4273,560000,610000,0
4275,560000,630000,0
4276,560000,640000,0
4277,560000,650000,0
4278,560000,660000,0
4279,560000,670000,0
4280,560000,680000,0
4281,560000,690000,0
4282,560000,700000,0
4283,560000,710000,0
4284,560000,720000,0
4285,560000,730000,0
4286,560000,740000,0
4287,560000,750000,0
4288,560000,760000,0
4289,560000,770000,0
4290,570000,0,0
4291,570000,10000,0
4292,570000,20000,0
4293,570000,30000,0
4294,570000,40000,0
4295,570000,50000,0
4328,570000,380000,0
4337,570000,470000,0
4338,570000,480000,0
4339,570000,490000,0
4340,570000,500000,0
4341,570000,510000,0
4342,570000,520000,0
4343,570000,530000,0
4344,570000,540000,0
4345,570000,550000,0
4346,570000,560000,0
4347,570000,570000,0
4348,570000,580000,0
4349,570000,590000,0
4350,570000,600000,0
4354,570000,640000,0
4355,570000,650000,0
4356,570000,660000,0
4357,570000,670000,0
4358,570000,680000,0
4359,570000,690000,0
4360,570000,700000,0
4361,570000,710000,0
4362,570000,720000,0
4363,570000,730000,0
4364,570000,740000,0
4365,570000,750000,0
4366,570000,760000,0
4367,570000,770000,0
4368,580000,0,0
4369,580000,10000,0
4414,580000,460000,0
4415,580000,470000,0
4416,580000,480000,0
4417,580000,490000,0
4418,580000,500000,0
4419,580000,510000,0
4420,580000,520000,0
4421,580000,530000,0
4422,580000,540000,0
4423,580000,550000,0
4424,580000,560000,0
4425,580000,570000,0
4426,580000,580000,0
4432,580000,640000,0
4433,580000,650000,0
4434,580000,660000,0
4435,580000,670000,0
4436,580000,680000,0
4437,580000,690000,0
4438,580000,700000,0
4439,580000,710000,0
4440,580000,720000,0
4441,580000,730000,0
4442,580000,740000,0
4443,580000,750000,0
4444,580000,760000,0
4445,580000,770000,0
4464,590000,180000,0
4465,590000,190000,0
4466,590000,200000,0
4467,590000,210000,0
4491,590000,450000,0
4492,590000,460000,0
4493,590000,470000,0
4494,590000,480000,0
4495,590000,490000,0
4496,590000,500000,0
4497,590000,510000,0
4498,590000,520000,0
4499,590000,530000,0
4500,590000,540000,0
4501,590000,550000,0
4502,590000,560000,0
4503,590000,570000,0
4506,590000,600000,0
4511,590000,650000,0
4512,590000,660000,0
4513,590000,670000,0
4514,590000,680000,0
4515,590000,690000,0
4516,590000,700000,0
4517,590000,710000,0
4518,590000,720000,0
4519,590000,730000,0
4520,590000,740000,0
4521,590000,750000,0
4522,590000,760000,0
4523,590000,770000,0
4541,600000,170000,0
4542,600000,180000,0
4543,600000,190000,0
4544,600000,200000,0
4545,600000,210000,0
4546,600000,220000,0
4550,600000,260000,0
4551,600000,270000,0
4552,600000,280000,0
4553,600000,290000,0
4554,600000,300000,0
4555,600000,310000,0
4556,600000,320000,0
4566,600000,420000,0
4567,600000,430000,0
4568,600000,440000,0
4569,600000,450000,0
4570,600000,460000,0
4571,600000,470000,0
4572,600000,480000,0
4573,600000,490000,0
4574,600000,500000,0
4575,600000,510000,0
4576,600000,520000,0
4577,600000,530000,0
4578,600000,540000,0
4579,600000,550000,0
4580,600000,560000,0
4585,600000,610000,0
4586,600000,620000,0
4590,600000,660000,0
4591,600000,670000,0
4592,600000,680000,0
4593,600000,690000,0
4594,600000,700000,0
4595,600000,710000,0
4596,600000,720000,0
4597,600000,730000,0
4598,600000,740000,0
4599,600000,750000,0
4600,600000,760000,0
4601,600000,770000,0
4620,610000,180000,0
4621,610000,190000,0
4622,610000,200000,0
4623,610000,210000,0
4624,610000,220000,0
4625,610000,230000,0
4626,610000,240000,0
4634,610000,320000,0
4635,610000,330000,0
4636,610000,340000,0
4637,610000,350000,0
4643,610000,410000,0
4644,610000,420000,0
4645,610000,430000,0
4646,610000,440000,0
4647,610000,450000,0
4648,610000,460000,0
4649,610000,470000,0
4650,610000,480000,0
4651,610000,490000,0
4652,610000,500000,0
4653,610000,510000,0
4654,610000,520000,0
4655,610000,530000,0
4656,610000,540000,0
4657,610000,550000,0
4658,610000,560000,0
4659,610000,570000,0
4664,610000,620000,0
4665,610000,630000,0
4669,610000,670000,0
4670,610000,680000,0
4671,610000,690000,0
4672,610000,700000,0
4673,610000,710000,0
4674,610000,720000,0
4675,610000,730000,0
4676,610000,740000,0
4677,610000,750000,0
4678,610000,760000,0
4679,610000,770000,0
4692,620000,120000,0
4698,620000,180000,0
4699,620000,190000,0
4700,620000,200000,0
4701,620000,210000,0
4716,620000,360000,0
4717,620000,370000,0
4718,620000,380000,0
4720,620000,400000,0
4721,620000,410000,0
4722,620000,420000,0
4723,620000,430000,0
4724,620000,440000,0
4725,620000,450000,0
4726,620000,460000,0
4727,620000,470000,0
4728,620000,480000,0
4729,620000,490000,0
4730,620000,500000,0
4731,620000,510000,0
4732,620000,520000,0
4733,620000,530000,0
4734,620000,540000,0
4735,620000,550000,0
4736,620000,560000,0
4737,620000,570000,0
4748,620000,680000,0
4749,620000,690000,0
4750,620000,700000,0
4751,620000,710000,0
4752,620000,720000,0
4753,620000,730000,0
4754,620000,740000,0
4755,620000,750000,0
4756,620000,760000,0
4757,620000,770000,0
4776,630000,180000,0
4781,630000,230000,0
4798,630000,400000,0
4812,630000,540000,0
4813,630000,550000,0
4814,630000,560000,0
4815,630000,570000,0
4816,630000,580000,0
4828,630000,700000,0
4829,630000,710000,0
4830,630000,720000,0
4831,630000,730000,0
4832,630000,740000,0
4833,630000,750000,0
4834,630000,760000,0
4835,630000,770000,0
4876,640000,400000,0
4888,640000,520000,0
4894,640000,580000,0
4908,640000,720000,0
4909,640000,730000,0
4910,640000,740000,0
4911,640000,750000,0
4912,640000,760000,0
4913,640000,770000,0
4954,650000,400000,0
4962,650000,480000,0
4963,650000,490000,0
4964,650000,500000,0
4965,650000,510000,0
4972,650000,580000,0
4973,650000,590000,0
4988,650000,740000,0
4989,650000,750000,0
4990,650000,760000,0
4991,650000,770000,0
5032,660000,400000,0
5037,660000,450000,0
5038,660000,460000,0
5039,660000,470000,0
5040,660000,480000,0
5041,660000,490000,0
5050,660000,580000,0
5051,660000,590000,0
5068,660000,760000,0
5069,660000,770000,0
5075,670000,50000,0
5076,670000,60000,0
5089,670000,190000,0
5111,670000,410000,0
5112,670000,420000,0
5113,670000,430000,0
5114,670000,440000,0
5115,670000,450000,0
5116,670000,460000,0
5117,670000,470000,0
5118,670000,480000,0
5129,670000,590000,0
5154,680000,60000,0
5155,680000,70000,0
5156,680000,80000,0
5157,680000,90000,0
5167,680000,190000,0
5189,680000,410000,0
5190,680000,420000,0
5191,680000,430000,0
5192,680000,440000,0
5193,680000,450000,0
5194,680000,460000,0
5195,680000,470000,0
5207,680000,590000,0
5232,690000,60000,0
5233,690000,70000,0
5234,690000,80000,0
5235,690000,90000,0
5236,690000,100000,0
5237,690000,110000,0
5245,690000,190000,0
5267,690000,410000,0
5268,690000,420000,0
5269,690000,430000,0
5270,690000,440000,0
5271,690000,450000,0
5272,690000,460000,0
5285,690000,590000,0
5311,700000,70000,0
5312,700000,80000,0
5313,700000,90000,0
5314,700000,100000,0
5315,700000,110000,0
5316,700000,120000,0
5317,700000,130000,0
5318,700000,140000,0
5323,700000,190000,0
5345,700000,410000,0
5346,700000,420000,0
5347,700000,430000,0
5348,700000,440000,0
5349,700000,450000,0
5363,700000,590000,0
5364,700000,600000,0
5388,710000,60000,0
5389,710000,70000,0
5390,710000,80000,0
5391,710000,90000,0
5392,710000,100000,0
5393,710000,110000,0
5394,710000,120000,0
5395,710000,130000,0
5396,710000,140000,0
5397,710000,150000,0
5398,710000,160000,0
5400,710000,180000,0
5401,710000,190000,0
5423,710000,410000,0
5424,710000,420000,0
5425,710000,430000,0
5426,710000,440000,0
5442,710000,600000,0
5465,720000,50000,0
5466,720000,60000,0
5467,720000,70000,0
5468,720000,80000,0
5469,720000,90000,0
5470,720000,100000,0
5471,720000,110000,0
5472,720000,120000,0
5473,720000,130000,0
5474,720000,140000,0
5475,720000,150000,0
5476,720000,160000,0
5477,720000,170000,0
5478,720000,180000,0
5479,720000,190000,0
5501,720000,410000,0
5502,720000,420000,0
5503,720000,430000,0
5520,720000,600000,0
5521,720000,610000,0
5542,730000,40000,0
5543,730000,50000,0
5544,730000,60000,0
5545,730000,70000,0
5546,730000,80000,0
5547,730000,90000,0
5548,730000,100000,0
5549,730000,110000,0
5550,730000,120000,0
5551,730000,130000,0
5552,730000,140000,0
5553,730000,150000,0
5554,730000,160000,0
5555,730000,170000,0
5556,730000,180000,0
5557,730000,190000,0
5579,730000,410000,0
5580,730000,420000,0
5598,730000,600000,0
5599,730000,610000,0
5618,740000,20000,0
5619,740000,30000,0
5620,740000,40000,0
5621,740000,50000,0
5622,740000,60000,0
5623,740000,70000,0
5624,740000,80000,0
5625,740000,90000,0
5626,740000,100000,0
5627,740000,110000,0
5628,740000,120000,0
5629,740000,130000,0
5630,740000,140000,0
5631,740000,150000,0
5632,740000,160000,0
5633,740000,170000,0
5634,740000,180000,0
5635,740000,190000,0
5636,740000,200000,0
5657,740000,410000,0
5658,740000,420000,0
5677,740000,610000,0
5695,750000,10000,0
5696,750000,20000,0
5697,750000,30000,0
5698,750000,40000,0
5699,750000,50000,0
5700,750000,60000,0
5701,750000,70000,0
5702,750000,80000,0
5703,750000,90000,0
5704,750000,100000,0
5705,750000,110000,0
5706,750000,120000,0
5707,750000,130000,0
5708,750000,140000,0
5709,750000,150000,0
5710,750000,160000,0
5711,750000,170000,0
5712,750000,180000,0
5713,750000,190000,0
5714,750000,200000,0
5715,750000,210000,0
5735,750000,410000,0
5736,750000,420000,0
5737,750000,430000,0
5755,750000,610000,0
5756,750000,620000,0
5772,760000,0,0
5773,760000,10000,0
5774,760000,20000,0
5775,760000,30000,0
5776,760000,40000,0
5777,760000,50000,0
5778,760000,60000,0
5779,760000,70000,0
5780,760000,80000,0
5781,760000,90000,0
5782,760000,100000,0
5783,760000,110000,0
5784,760000,120000,0
5785,760000,130000,0
5786,760000,140000,0
5787,760000,150000,0
5788,760000,160000,0
5789,760000,170000,0
5790,760000,180000,0
5791,760000,190000,0
5792,760000,200000,0
5793,760000,210000,0
5814,760000,420000,0
5815,760000,430000,0
5833,760000,610000,0
5834,760000,620000,0
5850,770000,0,0
5851,770000,10000,0
5852,770000,20000,0
5853,770000,30000,0
5854,770000,40000,0
5855,770000,50000,0
5856,770000,60000,0
5857,770000,70000,0
5858,770000,80000,0
5859,770000,90000,0
5860,770000,100000,0
5861,770000,110000,0
5862,770000,120000,0
5863,770000,130000,0
5864,770000,140000,0
5865,770000,150000,0
5866,770000,160000,0
5867,770000,170000,0
5868,770000,180000,0
5869,770000,190000,0
5870,770000,200000,0
5871,770000,210000,0
5872,770000,220000,0
5892,770000,420000,0
5893,770000,430000,0
5911,770000,610000,0
5912,770000,620000,0
5913,770000,630000,0
5928,780000,0,0
5929,780000,10000,0
5930,780000,20000,0
5931,780000,30000,0
5932,780000,40000,0
5933,780000,50000,0
5934,780000,60000,0
5935,780000,70000,0
5936,780000,80000,0
5937,780000,90000,0
5938,780000,100000,0
5939,780000,110000,0
5940,780000,120000,0
5941,780000,130000,0
5942,780000,140000,0
5943,780000,150000,0
5944,780000,160000,0
5945,780000,170000,0
5946,780000,180000,0
5947,780000,190000,0
5948,780000,200000,0
5949,780000,210000,0
5950,780000,220000,0
5951,780000,230000,0
5970,780000,420000,0
5971,780000,430000,0
5990,780000,620000,0
5991,780000,630000,0
6006,790000,0,0
6007,790000,10000,0
6008,790000,20000,0
6009,790000,30000,0
6010,790000,40000,0
6011,790000,50000,0
6012,790000,60000,0
6013,790000,70000,0
6014,790000,80000,0
6015,790000,90000,0
6016,790000,100000,0
6017,790000,110000,0
6018,790000,120000,0
6019,790000,130000,0
6020,790000,140000,0
6021,790000,150000,0
6022,790000,160000,0
6023,790000,170000,0
6024,790000,180000,0
6025,790000,190000,0
6026,790000,200000,0
6027,790000,210000,0
6028,790000,220000,0
6029,790000,230000,0
6048,790000,420000,0
6049,790000,430000,0
6050,790000,440000,0
6068,790000,620000,0
6069,790000,630000,0
6070,790000,640000,0
6084,800000,0,0
6085,800000,10000,0
6086,800000,20000,0
6087,800000,30000,0
6088,800000,40000,0
6089,800000,50000,0
6090,800000,60000,0
6091,800000,70000,0
6092,800000,80000,0
6093,800000,90000,0
6094,800000,100000,0
6095,800000,110000,0
6096,800000,120000,0
6097,800000,130000,0
6098,800000,140000,0
6099,800000,150000,0
6100,800000,160000,0
6101,800000,170000,0
6102,800000,180000,0
6103,800000,190000,0
6104,800000,200000,0
6105,800000,210000,0
6106,800000,220000,0
6107,800000,230000,0
6108,800000,240000,0
6126,800000,420000,0
6127,800000,430000,0
6128,800000,440000,0
6146,800000,620000,0
6147,800000,630000,0
6148,800000,640000,0
